insert into estadofederativo(codigoufibge,nome) values('42','Santa Catarina');
insert into estadofederativo(codigoufibge,nome) values('43','Rio Grande do Sul');
insert into estadofederativo(codigoufibge,nome) values('35','Sao Paulo');
insert into municipio(codigomunicipioibge,nome,codigoufibge) values('3505708','Barueri','35');
insert into municipio(codigomunicipioibge,nome,codigoufibge) values('4209409','Laguna','42');
insert into municipio(codigomunicipioibge,nome,codigoufibge) values('4205407','Florianopolis','42');
insert into municipio(codigomunicipioibge,nome,codigoufibge) values('4314902','Porto Alegre','43');
insert into bairro(nome,codigomunicipioibge) values('centro','3505708');
insert into bairro(nome,codigomunicipioibge) values('magalhaes','4209409');
insert into bairro(nome,codigomunicipioibge) values('trindade','4205407');
insert into bairro(nome,codigomunicipioibge) values('centro','4314902');
insert into logradouro(cep,nome,idbairro) values('88004000','rua do porto','4');
insert into logradouro(cep,nome,idbairro) values('88001000','rua xunda','1');
insert into logradouro(cep,nome,idbairro) values('88002000','rua oscar guimaraes pinho','2');
insert into logradouro(cep,nome,idbairro) values('88003000','rua conselheiro mafra','3');
insert into exame (resultado,tipo) values('nao tem jeito','oncologico');
insert into exame (resultado,tipo) values('positivo','hiv');
insert into exame (resultado,tipo) values('tristeza do paciente','psicologico');
insert into profissional(nome,tipodocumento,numeroregistroconselho,numerodocumento) values('maria alvina da costa','cpf','345','29438381953');
insert into profissional(nome,tipodocumento,numeroregistroconselho,numerodocumento) values('lucas da silva sauro','cpf','360','21348134747');
insert into profissional(nome,tipodocumento,numeroregistroconselho,numerodocumento) values('caio rolando a escada','cpf','370','65624140240');
insert into profissional(nome,tipodocumento,numeroregistroconselho,numerodocumento) values('genoveva orlando proenca','cpf','004','48331672046');
insert into profissional(nome,tipodocumento,numeroregistroconselho,numerodocumento) values('osmair da silva sauro','cpf','902','97158922561');
insert into clinica(nome) values('oncologia');
insert into seguradora(cnpj,nome) values('14303250000105','porto seguro');
insert into clinica(nome) values('ortopedia');
insert into clinica(nome) values('geral');
insert into seguradora(cnpj,nome) values('65407137000100','mapfre');
insert into seguradora(cnpj,nome) values('25325352000148','jesus salva');
insert into empregadora(cnpj,nome,cnae) values('65452647000108','resultados digitais',' 123');
insert into empregadora(cnpj,nome,cnae) values('61163821000133','casas do cano',' 122');
insert into empregadora(cnpj,nome,cnae) values('66953826000183','pipocaria',' 344');
insert into paciente(Nome,Sexo,raca,etnia,telefone,telefoneextra,nomeresponsavel,datanascimento,cns,numeroprontuario,nomemae,numeroresidencia,complementoresidencia,cep) values('rafael da silva','masculino','humana','polaco','4899271881','4899089890','maria jose da silva sauro','01-01-1992','0000002','1','maria genoveva da silva','1','ap 203','88001000');
insert into paciente(Nome,Sexo,raca,etnia,telefone,telefoneextra,nomeresponsavel,datanascimento,cns,numeroprontuario,nomemae,numeroresidencia,complementoresidencia,cep) values('carla da silva proenca','feminino','humana','afro','4836441275','','','01-02-1994','0000300','2','salete proenca','2','','88002000');
insert into paciente(Nome,Sexo,raca,etnia,telefone,telefoneextra,nomeresponsavel,datanascimento,cns,numeroprontuario,nomemae,numeroresidencia,complementoresidencia,cep) values('pedro paulo almeida','masculino','humana','japones','11999939191','','','01-02-1983','3213213','3','paulina almeida','2','','88003000');
insert into paciente(Nome,Sexo,raca,etnia,telefone,telefoneextra,nomeresponsavel,datanascimento,cns,numeroprontuario,nomemae,numeroresidencia,complementoresidencia,cep) values('maria aparecida das dores','feminino','humana','polaco','','','','04-05-1922','3123222','4','maria das dores das dores','2','','88004000');
insert into paciente(Nome,Sexo,raca,etnia,telefone,telefoneextra,nomeresponsavel,datanascimento,cns,numeroprontuario,nomemae,numeroresidencia,complementoresidencia,cep) values('gustavo da costa','masculino','humana','afro','4897788987','1132323232','','01-01-1974','4354355','5','joana da costa','5','bloco c ap 204','88002000');
insert into paciente(Nome,Sexo,raca,etnia,telefone,telefoneextra,nomeresponsavel,datanascimento,cns,numeroprontuario,nomemae,numeroresidencia,complementoresidencia,cep) values('samila maria pereira','feminino','humana','polaco','4837372334','','','01-01-1934','8543933','6','tamisa maria pereira','s/n','','88003000');
insert into doenca(cid,descricao) values('A00','colera');
insert into doenca(cid,descricao) values('A01.0','febre tifoide');
insert into doenca(cid,descricao) values('A35','outros tipos de tetano');
insert into doenca(cid,descricao) values('A18.5','tuberculose do olho');
insert into doenca(cid,descricao) values('A52','sifilis tardia');
insert into procedimento(descricao) values('colocacao de tala');
insert into procedimento(descricao) values('colocacao de gesso');
insert into procedimento(descricao) values('sutura');
insert into procedimento(descricao) values('soro');
insert into procedimento(descricao) values('amputacao');
insert into estabelecimento(cnes,nome) values('0040312','hospital celso ramos');
insert into estabelecimento(cnes,nome) values('1033982','upa canas');
insert into estabelecimento(cnes,nome) values('0000001','upa trindade');
insert into estabelecimento(cnes,nome) values('0000002','unimed');
insert into internacao(dataautorizacao,numeroautorizacao,codigoorgaoemissorautorizacao,condicoes,diagnosticoinicial,carater,sinaisesintomas,datasolicitacaoprocedimento,idpaciente,cid,codigoprocedimento,cnessolicitante,cnesexecutor,idprofissionalautorizador,idprofissionalsolicitante,codigoclinicaprocedimento) values('01-02-2015','123123','001','muito triste','depressao','psicologico','choro','01-01-2015','1','A00','1','0040312','1033982','1','2','1');
insert into internacao(dataautorizacao,numeroautorizacao,codigoorgaoemissorautorizacao,condicoes,diagnosticoinicial,carater,sinaisesintomas,datasolicitacaoprocedimento,idpaciente,cid,codigoprocedimento,cnessolicitante,cnesexecutor,idprofissionalautorizador,idprofissionalsolicitante,codigoclinicaprocedimento) values('01-15-2016','543054','002','paciente sentindo muita dor','dor de barriga','observacao','dores na regiao abdominal','01-01-2016','2','A01.0','2','0000002','1033982','2','5','2');
insert into internacao(dataautorizacao,numeroautorizacao,codigoorgaoemissorautorizacao,condicoes,diagnosticoinicial,carater,sinaisesintomas,datasolicitacaoprocedimento,idpaciente,cid,codigoprocedimento,cnessolicitante,cnesexecutor,idprofissionalautorizador,idprofissionalsolicitante,codigoclinicaprocedimento) values('02-03-2015','036456','001','nada a declara','cancer','pre-operatorio','tumor, vomitos e fraqueza','01-02-2015','3','A35','3','0000001','0000002','3','5','2');
insert into internacao(dataautorizacao,numeroautorizacao,codigoorgaoemissorautorizacao,condicoes,diagnosticoinicial,carater,sinaisesintomas,datasolicitacaoprocedimento,idpaciente,cid,codigoprocedimento,cnessolicitante,cnesexecutor,idprofissionalautorizador,idprofissionalsolicitante,codigoclinicaprocedimento) values('06-11-2015','321333','001','mais triste ainda','depressao','psicologico','muito choro','05-28-2015','1','A00','1','0040312','1033982','3','2','1');
insert into internacao(dataautorizacao,numeroautorizacao,codigoorgaoemissorautorizacao,condicoes,diagnosticoinicial,carater,sinaisesintomas,datasolicitacaoprocedimento,idpaciente,cid,codigoprocedimento,cnessolicitante,cnesexecutor,idprofissionalautorizador,idprofissionalsolicitante,codigoclinicaprocedimento) values('02-01-2016','321321','004','paciente esta desolado','frescura','observacao','choro','02-01-2016','4','A18.5','3','0000002','1033982','3','4','1');
insert into internacao(dataautorizacao,numeroautorizacao,codigoorgaoemissorautorizacao,condicoes,diagnosticoinicial,carater,sinaisesintomas,datasolicitacaoprocedimento,idpaciente,cid,codigoprocedimento,cnessolicitante,cnesexecutor,idprofissionalautorizador,idprofissionalsolicitante,codigoclinicaprocedimento) values('10-01-2016','003213','005','paciente quase morrendo','paciente baleado','pre-operatorio','projetil na face','04-01-2016','5','A00','5','0040312','0000002','3','3','3');
insert into cidsecundario(cid,idinternacao) values('A52','1');
insert into cidsecundario(cid,idinternacao) values('A18.5','3');
insert into cidcausas(cid,idinternacao) values('A18.5','1');
insert into examesdainternacao(idexame,idinternacao) values('1','6');
insert into acidente(vinculoprevidencia,tipo,numerobilheteseguradora,seriebilheteseguradora,cborempresa,idinternacao,cnpjseguradora,cnpjempregadora) values('empregado','transito','003213','001','3213','1','25325352000148','65452647000108');
insert into acidente(vinculoprevidencia,tipo,idinternacao) values('nao segurado','trabalho trajeto','3');
